{
  "host": "localhost",
  "port": 3030,
  "public": "../public/",
  "paginate": {
    "default": 10,
    "max": 50
  },
  "authentication": {
    "entity": "user",
    "service": "users",
    "secret": "k8bpLXqVybrL9ibjxVJnCc13RDo=",
    "authStrategies": ["jwt", "local"],
    "jwtOptions": {
      "header": {
        "typ": "access"
      },
      "audience": "https://yourdomain.com",
      "issuer": "feathers",
      "algorithm": "HS256",
      "expiresIn": "1y"
    },
    "local": {
      "usernameField": "email",
      "passwordField": "password"
    }
  },
  "sqlite": "sqlite://grafilogika_restapi.sqlite"
}
